Event ID,Date,Event description,Country,Admin 3 (Province),Admin 2 (District),Admin 1 (City),Latitude,Longitude,Geo Precision,Report link
,#date,,#country,#adm2 +name,,, #geo+lat,#geo+lon,,
BGD1,2020-03,"In Cox's Bazar, Bangladesh, an INGO team was attacked by the local community while travelling towards a Royingya camp amidst rumours that foreigners travelling to the refugee camps have been spreading COVID-19.",Bangladesh,Chittagong Division,Cox's Bazar,Cox's Bazar,21.58333333,92.01666667,Admin 1,https://bit.ly/39p4SGE
KEN1,2020-03,"In Mombasa city, health workers reported being intimidated by police officers as they tried to provide services during curfew hours. The government curfew was implemented as part of its efforts to contain the spread of COVID-19.",Kenya,,Mombasa,Mombasa,-4.05605621,39.66064116,Admin 1,https://bit.ly/39p4SGE
LKA1,2020-03,"In Kalwanchikudy town, Manmunai South and Eruvilpattu Divisional Secretariat, Batticaloa district, rioters attacked an ambulance and attempted to disrupt hospital activities over the transportation of patients afflicted with COVID-19.",Sri Lanka,Eastern,Batticaloa,Kalwanchikudy,7.5175,81.786944,Admin 1,https://bit.ly/39p4SGE
USA1,2020-03,"In Belton city, Missouri state, a man motivated by racist and anti-government beliefs sought to bomb a hospital that is providing critical care during the COVID-19 pandemic. Source: BBC and Time",USA,Texas,Bell,Belton,31.0589,-97.4633,Admin 1,https://bit.ly/39p4SGE
CMR1,2020-03,"In Douala  city, an increase in anti-foreigner sentiment in the form of verbal and online harassment, stone throwing, and banging on vehicles occupied by expatriates, has been reported. The violence has been linked to the spread of COVID-19 in Cameroon.",Cameroon,Littoral,Wouri,Douala,4.05,9.7,Admin 1,https://bit.ly/39p4SGE
CMR2,2020-03,"In  Yaoundé city, an increase in anti-foreigner sentiment in the form of verbal and online harassment, stone throwing, and banging on vehicles occupied by expatriates, has been reported. The violence has been linked to the spread of COVID-19 in Cameroon.",Cameroon,Centre,Mfoundi,Yaoundé,3.857777778,11.51805556,Admin 1,https://bit.ly/39p4SGE
CMR3,2020-03,"Muslims defied and protested against government restrictions on prayer attendance at mosques, imposed to reduce the spread of COVID-19.",Cameroon,,,,3.52,11.31,Country,https://bit.ly/39p4SGE
COD1,2020-03,"In Upemba neighbourhood, Lumumbashi city, Haut-Katanga province, a man of Asian descent was attacked during a riot.",DRC,Haut-Katanga,,Lumumbashi,-11.66972222,27.45805556,Admin 1,https://bit.ly/39p4SGE
ETH1,2020-03,"In Ethiopia, an increase in anti-foreigner sentiment in the form of verbal and physical harassment, stone throwing, and discrimination has been reported. The sentiment has been linked to the importation of COVID-19 in Ethiopia.",Ethiopia,,,,9.1,38.45,Country,https://bit.ly/39p4SGE
ETH2,2020-03,"In Addis Ababa city, foreigners of unidentified origin were reportedly attacked with stones and chased by crowds, on suspicion that they were carrying coronavirus.",Ethiopia,Oromia,,Addis Ababa,9.027222222,38.73694444,Admin 1,https://bit.ly/39p4SGE
KEN2,2020-03,"In Msambweni town, Kwale county, a mob killed a civilian whom they suspected of having coronavirus.",Kenya,,Kwale,Msambweni,-4.466666667,39.46666667,Admin 1,https://bit.ly/39p4SGE
KEN 3,2020-03,"In Mombasa city, paramilitary police officials used violence to disperse a crowd of people waiting to catch a ferry before the start of curfew. Dozens were injured as a result of the attack.",Kenya,,Mombasa,Mombasa,-4.05605621,39.66064116,Admin 1,https://bit.ly/39p4SGE
NGA1,2020-03,"In Kusada town, Katsina state, youths rioted after police officials prevented them from observing their prayers in compliance with measures implemented by the government as part of its efforts to contain the spread of COVID-19.",Nigeria,Katsina,Kusada,,12.4667,7.98333,Admin 2,https://bit.ly/39p4SGE
RWA1,2020-03,"In Rwanda, reports circulated that two civilians shot dead by police officers were killed for defying the new lockdown measures. The reports were denied by the Rwandan police.",Rwanda,,,,1.58,30.07,Country,https://bit.ly/39p4SGE
ZAF1,2020-03,"In Johannesburg city, police officials used violence against homeless people minutes after South Africa’s three-week lockdown began.",South Africa,Gauteng,City of Johannesburg Metropolitan Municipality,Johannesburg,-26.20436111,28.04163889,Admin 1,https://bit.ly/39p4SGE
ZAF2,2020-03,"In Alexandra township, Johannesburg city, military officials raided a large workers’ hostel in the Alexandra township where some residents had defied the lockdown.",South Africa,Gauteng,City of Johannesburg Metropolitan Municipality,Alexandra,-26.10383333,28.09616667,Admin 1,https://bit.ly/39p4SGE
TZA1,2020-03,"In Morogoro city and region, an increase in anti-foreigner sentiment in the form of verbal harassment has been reported. The harassment is linked to the spread of COVID-19 in Tanzania.",Tanzania,Morogoro,,Morogoro,-8,37,Admin 1,https://bit.ly/39p4SGE
UGA1,2020-03,"In Nampirika village, Iganga district, a mob attacked a Kenyan trader, accusing him of importing COVID-19 after he developed symptoms. The man managed to escape to a police station.",Uganda,,Iganga,Nampirika,0.6358,33.493,Admin 1,https://bit.ly/39p4SGE
BGD2,2020-03,"In Bhabdia village, Rajbari Sadar sub district, a man was killed, and 10 others injured in a clash between two groups after arguments over coronavirus.",Bangladesh,Dhaka,Rajbari,Bhabdia,23.755,89.65,Admin 2,https://bit.ly/39p4SGE
UKR1,2020-03,"In Odessa, Ukraine, people repeatedly blocked roads for minibuses and other public transportation in Odessa in demonstration against social distancing measures to counter the spread of coronavirus COVID-19. Cases of violence were also reported.",Ukraine,,Oblast d'Odessa,Odessa,46.47747,30.73262,Admin 1,https://bit.ly/39p4SGE
CHL1,2020-03,"In Santo Domingo, Valparaiso region, a group of citizens built and set fire to road barricades to restrict tourist access to the district.",Chile,San Antonio,Valparaíso,Santo Domingo,33.38,71.39,Admin 1,https://bit.ly/39p4SGE
COL1,2020-03,"In Sampues municipality, Sucre department, around 70 people burned tires in a road to demand from the national government supplies and goods to stay in quarantine because of the coronavirus pandemic.",Colombia,Caribbean,Sucre,Sampués,9.183055556,-75.37888889,Admin 1,https://bit.ly/39p4SGE
AFG1,2020-03,"In Herat city and province, 38 patients who had tested positive for COVID-19 at  Shaidahe Hospital attacked staff and ran away for fear of being quarantined.",Afghanistan,Herat,,Herat,34,62,Admin 1,https://bit.ly/2URpiEj
BGD3,2020-03,"In Tejgaon area, Dhaka city and division, more than a hundred residents protested violently against the building of an emergency hospital to cater for COVID-19 patients in the area. The demonstrators vandalized the construction site and attacked construction workers. The protest resulted in the postponement of the project.",Bangladesh,Dhaka,Dhaka,Dhaka,23.71611111,90.39611111,Admin 1,https://bit.ly/2URpiEj
FRA1,2020-03,"From anonymous letters to blatant shunning, nurses and other health workers in France say they are becoming targets of suspicion and even harassment by neighbours and patients fearful of catching Covid-19.",France,,,,,,Country,https://bit.ly/3bidNvd
IND1,2020-04,"In Tatt Patti Bakhal area, Indore city, Madhya Pradesh state, two female doctors were injured after healthcare workers and civic officials were attacked by a mob while screening residents for coronavirus.",India,Indore,Malwa,Indore,22.72055556,75.84722222,Admin 1,https://bit.ly/2URpiEj
IND2,2020-04,"In Hyderabad city, Deccan region, Telangana state, two COVID-19 patients at Gandhi Hospital assaulted a junior doctor after their sibling died from the virus.",India,Telangana,Deccan,Hyderabad,17.36666667,78.46666667,Admin 1,https://bit.ly/2URpiEj
IND3,2020-03,"Along the Mumbai-Pune highway, near Pune city, Maharashtra state, an ambulance driver reportedly died in an alleged fatal assault by police officials, apparently for ferrying passengers illegally in his vehicle during the lockdown.",India,Maharashtra,Pune,Pune,18.72868914,73.65285916,Admin 1,https://bit.ly/2URpiEj
IND4,2020-03,"In Telangana state, a female doctor travelling to work was assaulted by police officials and forcibly dragged to a police station.",India,Telangana,,,17.99,79.59,Admin 3,https://bit.ly/2URpiEj
IND5,2020-04,"In Munger town and district, Bihar state, a COVID-19 medical response team protected by police officials was attacked by residents when they visited a locality to collect samples from people suspected to have contracted the virus.",India,Bihar,Munger,Munger,25.381,86.465,Admin 1,https://bit.ly/2URpiEj
IND6,2020-03,"In India, police officials enforcing the nation-wide lockdown reportedly assaulted a delivery driver carrying medical supplies.",India,,,,,,Country,https://bit.ly/2URpiEj
IND7,2020-03,"In Surat city and district, Gujarat state, a female doctor working at a hospital that is treating COVID-19 patients was threatened by neighbours that she would face ""consequences"" if she continued to work.",India,Gujarat,Surat,Surat,21.17,72.83,Admin 1,https://bit.ly/2URpiEj
IND8,2020-03,"Across India, In the midst of the Coronavirus outbreak, landlords have been harassing doctors and forcing them out of their rented property for fear that they might have contracted the disease at work.",India,,,,,,Country,https://bit.ly/2URpiEj
BDI1,2020-03,"In Burundi, some humanitarian organizations have been blocked from reaching and providing assistance to people kept in overcrowded and unsanitary COVID-19 quarantine sites.",Burundi,,,,,,Country,https://bit.ly/3bidNvd
ISR1,2020-04,"In Mea Shearim neighbourhood, Jerusalem city and district, a vehicle carrying medics and municipal inspectors was assaulted with stones while traveling to carry out COVID-19 tests in the area. As a result of the attack, a volunteer paramedic received a head injury in the attack and required hospitalization.",Israel,,Jerusalem,Jerusalem,31.78694444,35.22222222,Admin 1,https://bit.ly/2URpiEj
CIV1,2020-04,"In Abidjan city and department, dozens of protestors violently dismantled a COVID-19 testing centre that was under construction, apparently for being too close to a residential area.",Ivory Coast,Abidjan,Abidjan,Abidjan,5.19,4.2,Admin 1,https://bit.ly/2URpiEj
LBY1,2020-03,"On the Coastal Road, Castelverde town, Tripoli district, Tripolitania region, a doctor and a paramedic on their way to a meeting for the Ministry of Justice to discuss the preventive measures against the Coronavirus for the rehabilitation institutions, were killed during an attack by Tarhouna-based Al-Kani militias of Khalifa Haftar's forces. Two other doctors were also injured.",Libya,Tripolitania,Tripoli,Castelverde,32.45,13.43,Admin 1,https://bit.ly/2URpiEj
PHL1,2020-03,"In Tacurong city, Sultant Kudarat province, a nurse working at St. Louis Hospital was attacked with bleach by five agressors while on his way to work, resulting in severe injuries. Apparently, the suspects had mistaken the nurse to have been a COVID-19 patient.",Philippines,Sultan Kudarat,1st District,Tacurong,6.683333333,124.6666667,Admin 1,https://bit.ly/2URpiEj
ZAF3,2020-03,"In Welkom city, Free State, two health workers at Bongani Regional Hospital were injured after police officials fired rubber bullets at a group of protestors demonstrating for more affordable public transport.",South Africa,Free State,Lejweleputswa,Welkom,-27.98305556,26.72083333,Admin 1,https://bit.ly/2URpiEj
THA1,2020-03,"In Bang Bon neighbourhood, Bangkok city, Central Thailand region, protestors demanded the removal of COVID-19 patients from a local hospital, citing health concerns.",Thailand,Central Thailand,,Bangkok,13.66388889,100.4088889,Admin 1,https://bit.ly/2URpiEj
IND9,2020-03,Local residents beat up police forces at several places of Assam over alleged police high-handedness against the public while trying to enforce lockdown to check the spread of coronavirus.,India,Assam,Kamrup Metropolitan,Dispur,26.0827,91.4727,Admin 1,https://acleddata.com/#/dashboard
ZAF4,2020-03,"Police forces fired rubber bullets and used whips against hundreds of shoppers that were queuing outside a supermarket in Yeoville (City of Johannesburg, Gauteng) to get provisions for the lockdown caused by the coronavirus crisis.",South Africa,Gauteng,City of Johannesburg Metropolitan Municipality,Johannesburg,-26.20436111,28.04163889,Admin 1,https://acleddata.com/#/dashboard
HND1,2020-03,"In San Pedro Sula, Cortes, trasnporters and inhabitants blocked roads with burning tires to demand work and food. The demonstrators have been affected by the quarantine ordered by the government to face the coronavirus pandemic.",Honduras,,Cortes,San Pedro Sula,15.3,-88.025,Admin 1,https://acleddata.com/#/dashboard
HND2,2020-03,"In Tegucigalpa, a group of people demonstrated to demand food. The rioters, that have suffered a food shortage due to the quarantine ordered by the authorities to prevent the coronavirus pandemic, burned tires and blocked a street.",Honduras,Francisco Morazán,Distrito Central,,14.0818,-87.2068,Admin 2,https://acleddata.com/#/dashboard
URY1,2020-03,"In Punta del Diablo (Rocha), around 20 residents blocked the city's entrance with their cars, so tourists would not get in. The main goal of this measure was to prevent the spread of coronavirus.",Uruguay,,Rocha,Angostura,-33.56,-53.5399,Admin 2,https://acleddata.com/#/dashboard
KEN5,2020-03,"Three police officers whipped women during the enforcement of coronavirus social distancing at the Mitunguu market in Imenti South (Central Imenti, Meru). A journalist who captured the event was also assaulted after refusing to delete the footage.",Kenya,,Central Imenti,Meru,-0.0667,37.7,Admin 1,https://acleddata.com/#/dashboard
IND10,2020-03,"A large number of people pelted stones at police at Bhawlaguri market (Bongaigaon district, Assam) when the latter tried to enforce a nationwide lockdown to contain the spread of coronavirus. Police fired in the air to control the mob.",India,Assam,Bongaigaon,Bongaigaon,26.49,90.5287,Admin 1,https://acleddata.com/#/dashboard
IND11,2020-03,"On 28 Mar 2020, locals beat up nine police officers in Baramati town (Pune, Maharashtra), when they were asked to stay at home and abide the coronavirus lockdown. A case was registered against 6 people.",India,Maharashtra,Pune,Baramati,18.1517,74.5776,Admin 1,https://acleddata.com/#/dashboard
IND12,2020-03,"Several vigilantes impersonating police officers beat up residents with sticks and lathis in Market Yard and Kondhwa areas of Pune city (Pune, Maharashtra), trying to impose the coronavirus lockdown.",India,Maharashtra,Pune,Pune,18.5195,73.8553,Admin 1,https://acleddata.com/#/dashboard
CRI1,2020-03,"In Limon (Limon), businesspersons from the tourism sector of the South Caribbean area blocked the route 32, connecting San Jose to Limon, to demand citizens not to travel to those areas to avoid spreadingthe epidemic.",Costa Rica,Limón,,Limón,9.9907,-83.036,Admin 1,https://acleddata.com/#/dashboard
PAN1,2020-03,"In Cristobal (Colon), rioters burned garbage cans, blocked roads and vandalized businesses at the communities of Alto de Los Lagos and Los Lagos, as they are suffering from hunger because of the quarantine.",Panama,Colón,Colón,Cristóbal,9.353,-79.9046,Admin 1,https://acleddata.com/#/dashboard
IND13,2020-03,"A mob lynched and killed a trooper of the Assam Industrial Security Force (AISF) at Sonabarighat area (Cachar district, Assam) over an alleged tussle amid nationwide lockdown to contain the spread of coronavirus.",India,Assam,Cachar,Sonai,24.7631,92.8328,Admin 1,https://acleddata.com/#/dashboard
IND14,2020-03,Villagers in Rajpura near Sambhal (UP) attacked a villager who had returned from Delhi suspecting he had coronavirus.,India,Uttar Pradesh,Sambhal,Sambhal,28.5849,78.5695,Admin 1,https://acleddata.com/#/dashboard
NGA2,2020-03,"Muslim youth demonstrated violently against the arrest of an Imam in Kusada (Kusada LGA, Katsina). The Imam ignored the Governments restriction on religious gatherings due to coronavirus and was arrested by Police forces.",Nigeria,Katsina,Kusada,Kusada,12.4641,7.9811,Admin 1,https://acleddata.com/#/dashboard
IND15,2020-03,Quarantined coronavirus patients broke furniture and window panes and demonstrated at a hospital in Srinagar city (J&K) over poor medical facilities. 26 suspect patients jumped the quarantine during the demonstration.,India,Jammu and Kashmir,Srinagar,Srinagar,34.0857,74.8056,Admin 1,https://acleddata.com/#/dashboard
YEM1,2020-03,"Clashes occurred in Wad Hadramawt (Sayun, Hadramawt) between qat dealers and police forces over the attempt of the police to shut down the qat market due to concerns over coronavirus. A police vehicle was shot at.",Yemen,,Hadramawt,Sayun,15.9933,48.8472,Admin 1,https://acleddata.com/#/dashboard
NER1,2020-03,"Residents reportedly staged a violent demonstration in Zinder, against measures imposed amid the coronavirus pandemic, including the closure of mosques and prohibition of group prayers.",Niger,Zinder,Mirriah,Gouna,13.65,9.1833,Admin 1,https://acleddata.com/#/dashboard
HND3,2020-03,"In Santa Barbara, Santa Barbara, villagers blocked the entrance to the city. The rioters demanded that the authorities control the entrance because they fear that they may be more exposed to the coronavirus if anyone can enter the city.",Honduras,,Santa Bárbara,Santa Bárbara,14.9194,-88.2361,Admin 1,https://acleddata.com/#/dashboard
NER2,2020-03,"The police dispersed Muslim worshippers with tear gas in Awaridi (Diffa, Diffa) for not respecting preventive measures imposed amid the coronavirus crisis. Huts were also burned and four people arrested. No casualties reported.",Niger,Diffa,Diffa,Diffa,12.7536,13.4722,Admin 1,https://acleddata.com/#/dashboard
KEN6,2020-03,"A boda boda driver was fatally wounded by police near the Kosele trading centre in Rachuonyo (Kasipul, Homa Bay) during the enforcement of the national coronavirus curfew.",Kenya,Central Kasipul,Kasipul,Homa Bay,-0.31,34.27,Admin 1,https://acleddata.com/#/dashboard
KEN7,2020-03,"At least five people were reportedly injured by police in Kitale (Saboti, Trans Nzoia) during the national coronavirus curfew.",Kenya,Trans Nzoia,Saboti,Matisi,1.0167,35,Admin 3,https://acleddata.com/#/dashboard
IND16,2020-03,Tharu tribals in 50 villages in Pashchim Champaran district (Bihar) blocked the exit and entry points of their villages with nets and bushes to prevent outsiders from coming in and spreading the coronavirus.,India,Bihar,Pashchim Champaran,Bettiah,26.8022,84.5031,Admin 1,https://acleddata.com/#/dashboard
IND17,2020-03,"A mob of around 300 people beat up two police personnel causing injuries at Falimari market (Dhubri district, Assam) when the latter tried to enforce the lockdown to check the spread of coronavirus.",India,Assam,Dhubri,,26.02,90,Admin 2,https://acleddata.com/#/dashboard
PAK1,2020-03,"A boy died after being beaten and chased by local police in Kotli town (Kotli, AJK). Police beat him when he did not stop during the lockdown due to coronavirus, he was trying to save himself and fell in a ditch.",Pakistan,Azad Jammu and Kashmir,Kotli,Kotli,33.5183,73.9022,Admin 1,https://acleddata.com/#/dashboard
TUR1,2020-03,"In Pendik district, Istanbul city and province, Marmara region, an unidentified perpetrator stopped an ambulance that was en route to hospital, and questioned the crew on the identity of the patient, and whether or not the patient is infected with Coronavirus. As the crew refused to answer, the perpetrator started throwing punches and followed the ambulance with his car, forcing it to stop. He then proceeded to smash the windows of the ambulance with a cobblestone. Three persons were subsequently detained by security forces in connection with this attack.",Turkey,Marmara,Istanbul,Istanbul,40.8775,29.25138889,Admin 1,https://bit.ly/2URpiEj
PAK2,2020-04,"In Quetta city and district, Balochistan province, at least 50 doctors protesting the lack of protective equipment provided to health workers while working with COVID-19 patients were arrested. They were later released but they refused to leave the police stations until their demands for more protective equipment were met. The following day, doctors across the province went on strike to protest against the arrests.",Pakistan,Balochistan,Quetta,Quetta,30.192,67.007,Admin 1,https://bit.ly/3bidNvd
AUS1,2020-04,"In New South Wales state, intensive care nurse at Royal North Shore hospital was assaulted after boarding a train while wearing scrubs, for suspicion of spreading COVID-19. Medical workers are being encouraged not to wear medical outfits in public as a result of increasing hostility.",Australia,New South Wales,,,-33.50475907,146.3436027,Admin 3,https://bit.ly/3bidNvd
AUS2,2020-04,"In New South Wales state, a nurse was verbally harassed at a Coles supermarket, for suspicion of spreading COVID-19.",Australia,New South Wales,,,-33.50475907,146.3436027,Admin 3,https://bit.ly/3bidNvd
AUS3,2020-04,"In Penrith city, Greater Western Sydney region, New South Wales province, a pregnant midwife was verbally abused at a McDonald's drive-through, for suspicion of spreading COVID-19.",Australia,New South Wales,Greater Western Sydney,Penrith,-33.75801111,150.7054389,Admin 1,https://bit.ly/3bidNvd
NZL1,2020-04,"In New Zealand, medical staff are increasingly reporting being spat at by members of the public during the lockdown.",New Zealand,,,,-41.2,174,Country,https://bit.ly/3bidNvd
GBR1,2020-03,"In the United Kingdom, nurses and medical staff have reported being harassed by members of the public, including being spat at, called 'disease spreaders', and prohibited from buying food.",UK ,,,,54.6,-2,Country,https://bit.ly/3bidNvd
GBR2,2020-04,"At the Arrowe Park Hospital, situated in Upton town, Merseyside metropolitan county, North West England region, a man was arrested for deliberately coughing and spitting in the direction of a nurse working at the Emergency Unit. The man was jailed for six months.",UK ,North West England,Merseyside,Upton,53.214,-2.884,Admin 1,https://bit.ly/3bidNvd
GBR3,2020-03,"In Canford Heath suburb, Dorset county, South West England, a care home worker was physically assaulted and spat at by a teenager, who accused her of 'having corona'. The worker believes she was targeted because of her nurse uniform.",UK ,South West England,Dorset,Canford Heath,50.7513,-1.96194,Admin 1,https://bit.ly/3bidNvd
PHL2,2020-03,"In Cebu city and province, two men on a motorcycle threw chlorine on a nurse as he made his way home.",Philippines,Cebu,,Cebu,10.30005687,123.9011546,Admin 1,https://bit.ly/3bidNvd
PHL3,2020-04,"Across the Philippines, reports have emerged of health workers evicted from they homes by landlords over fears that the tenants could transmit the virus.",Philippines,,,,12,123,Country,https://bit.ly/3bidNvd
PHL4,2020-04,"In the Philippines, some nurses have been prevented from leaving their homes by their village captains.",Philippines,,,,12,123,Country,https://bit.ly/3bidNvd
GBR4,2020-03,"In the United Kingdom, medical staff are being targeted for their identity badges, which can be used to obtain the free food and drinks being offered to NHS workers during the lockdown.",UK ,,,,54.6,-2,Country,https://bit.ly/3bidNvd
GBR5,2020-03,"In the UK, reports have emerged of health workers evicted from they homes by landlords over fears that the tenants could transmit the virus.",UK ,,,,54.6,-2,Country,https://bit.ly/3bidNvd
MYS1,2020-03,"In Malaysia, reports have emerged of health workers evicted from they homes by landlords over fears that the tenants could transmit the virus.",Malaysia,,,,3,108,Country,https://bit.ly/3bidNvd
UKR2,2020-02,"In Novi Sanzhary town, Novi Sanzhary Raion district, Poltava Oblast province, Ukraining evacuees from China transported in buses into the town in order to be held in quarantine for two weeks were met with violent demonstrators, who attacked the buses with stones and lit bonfires.",Ukraine,Poltava Oblast,Novi Sanzhary Raion,Novi Sanzhary,49.33539098,34.31619855,Admin 1,https://bit.ly/3bidNvd
UKR3,2020-02,"In Lviv Oblast province, people used tires and cars to block the entrance to a local hospital because they were afraid the Ukrainian nationals evacuated from China could be brought there and spread the COVID-19 virus.",Ukraine,Lviv Oblast,,,49.71382462,24.01065716,Admin 2,https://bit.ly/3bidNvd
UKR4,2020-02,"Near Ternopil city, Ternopil Oblast province, people gathered with a priest on a road to block access to a local medical facility.",Ukraine,Ternopil Oblast,,Ternopil,49.60359052,25.67509598,Admin 3,https://bit.ly/3bidNvd
CAF1,2020-04,"In the Central African Republic, a facebook page called ""Les dépèches de Bangui"" published several posts targeting MSF. The posts alleged that the international organisation benefits financially from the sick, and that vaccines are being used in order to ""destroy"" rather than to help patients. The page also makes reference to comments made by two French doctors on French television on the possibility of testing COVID-19 vaccines in Africa.",CAR,,,Bangui,6.7,20.9,Country,https://bit.ly/3bidNvd
TZA2,2020-03,"Around 17 March 2020: In Mwanza city and region, a European national working for an INGO was robbed on the street at knife point. This incident occurred within a background of increasing anti-foreigner sentiment, expressed in throat cut gestures, and “corona, go home” yelling towards foreigners.",Tanzania,Mwanza,,Mwanza,-2.516666667,32.9,Admin 1,https://bit.ly/3bidNvd
KEN8,2020-03,"17 March 2020: In Nairobi city and county, an aid worker was verbally harassed by a local civilian. Reportedly, the civilian referred to the aid worker as 'corona' and told him to return to his country.",Kenya,Nairobi,,Nairobi,-1.286388889,36.81722222,,https://bit.ly/3bidNvd
COD2,2020-04,"02 April 2020: In Kinshasa city and province, a bus transporting French nationals came under attack from residents. The locals, who targeted the bus with stones and shouted insults at those onboard, claimed that the passengers had brought COVID-19 to the DRC.",DRC,Kinshasa,,Kinshasa,-4.331666667,15.31388889,Admin 1,https://bit.ly/3bidNvd
YEM2,2020-03,"26 March 2020: In rebel-held areas, Houthi authorities have imposed strict restrictions aimed at halting the spread of Coronavirus, forcing the USAID to partially suspend humanitarian assistance to 70 percent of the Yemeni population. This suspension is believed to leave Yemen vulnerable to contagion. Source: The Washington Times",Yemen,,,,15.5,48,Country,https://bit.ly/3bidNvd
EU1,2020-03,"15 March 2020: The European Commission issued a new regulation that prohibits the export of personal protective equipment to countries outside the EU. As a result, an unnamed supplier has been unable to supply MSF teams around the globe with face masks. Source: Devex",European Union,Brussels-Capital Region,,Brussels,50.84757295,4.366742104,Admin 1,https://bit.ly/3bidNvd
MEX1,2020-04,"01 April 2020: In Axochiapan city, Morelos state, residents threatened to burn down the Dr. Ángel Ventura Neri general hospital, along with its medical staff, should COVID-19 patients be admitted at the hospital.",Mexico,Morelos,,Axochiapan,18.5025,-98.75388889,Admin 1,https://bit.ly/3bidNvd
MEX2,2020-04,"09 April 2020: In Reynosa city and municipality, Tamaulipas state, a male trainee doctor was sprayed with bleach by a woman who accused him of spreading COVID-19.",Mexico,Tamaulipas,Reynosa Municipality,Reynosa,26.09222222,-98.27777778,Admin 1,https://bit.ly/3bidNvd
MEX3,2020-04,"08 April 2020: In Mérida city and municipality, Yucatan state, a female nurse was doused with scalding coffee by a man who accused her of spreading COVID-19.",Mexico,Yucatán,Mérida,Mérida,20.97,-89.62,Admin 1,https://bit.ly/3bidNvd
MEX4,2020-04,"04 April 2020: In Culiacán city and municipality, Sinaloa state, a female nurse working at a public health clinic was sprayed with bleach on her face by an agressor who was following her home following work.",Mexico,Sinaloa,Culiacán Municipality,Culiacán,24.80861111,-107.3936111,Admin 1,https://bit.ly/3bidNvd
MEX5,2020-04,"In Mexico, allegations of rampant discrimination against health workers have been reported, including being denied access to public transport or to supermarkets. As a result, medical workers are being encouraged not to wear their scrubs in public. Special buses are also being provided to health workers.",Mexico,,,,,,Country,https://bit.ly/3bidNvd
MEX6,2020-04,"06 April 2020: In Sabinas Hidalgo city and municipality, a hospital currently under construction was set on fire by unkown men, days after it was announced that it will cater for COVID-19 patients once its construction was completed.",Mexico,Nuevo León,Sabinas Hidalgo Muncipality,Sabinas Hidalgo,26.3,-100.11,Admin 1,https://bit.ly/3bidNvd
MEX7,2020-04,"03 April 2020: In San Luis Potosí city and state, a female nurse working at a public hospital was harassed at a convenience shop by children, who threw juice and soda and yelled ""Covid!"" at her. When the victim scolded the children, she was slapped in the face by their mother. As she attempted to run away, the victim fell and fractured a finger.",Mexico,San Luis Potosí,,San Luis Potosí,22.94,-100.5834,Admin 1,https://bit.ly/3bidNvd
EGY1,2020-04,"11 April 2020: In Shubra al Bahw village, Dakahlia governorate, residents protested against the burial of a female doctor who died of COVID-19, fearing contamination if she was buried at the village cemeteries. The security forces dispersed the residents and arrested 22 demonstrators.",Egypt,Dakahlia,,Shubra Al Bahw,31.03,31.23,Admin 3,https://bit.ly/3bidNvd
IRQ1,2020-03,"Around 13 March 2020: In Erbil city and governorate, a civilian started to verbally harass health personnel after being asked to have his temperature taken. When police officers arrived to arrest him, he shot and wounded three of them.",Iraq,Erbil,,Erbil,36.191188,44.009189,Admin 1,https://bit.ly/3bidNvd
IRQ2,2020-03,"In Koy Sanjaq town, Erbil governorate, a civilian visited a hospital dedicated to COVID-19 patients, and assaulted health personnel.",Iraq,Erbil,,Koy Sanjaq,36.0459,44.3747,Admin 1,https://bit.ly/3bidNvd
IND18,2020-04,"In New Dehli, Dehli state, two female resident doctors at Safdarjung hospital were physically assaulted by a local resident when they tried to reason with him after he told them to stay away from a food stall, for fear of spreading COVID-19.",India,Delhi,,New Delhi,28.365,77.1232,Admin 1,https://bit.ly/3bidNvd
AUS4,2020-03,"In Sydney, New South Wales, a nurse who had just finished her shift at an aged care home was coughed upon, verbally abused, and physically assaulted by an elderly woman while ordering food at a shop.",Australia,New South Wales,,Sydney,-33. 5154,151.1234,Admin 1,https://bit.ly/3bidNvd
IND19,2020-04,"In Meerut city and district, Uttar Pradesh state, a team of medical professionals trying to take a civilian infected with COVID-19 to hospital for treatment came under attack from residents.",India,Uttar Pradesh,Meerut,Meerut,28.99,77.7,Admin 1,https://bit.ly/3bidNvd
TGO1,2020-04,"On 4 April 2020 (or around), the security forces (assumed police forces) beat up several violators of the coronavirus related curfew in Lome city (Golfe, Maritime).",Togo,Maritime,Golfe,,6.1287,1.2215,Admin 3,https://acleddata.com/#/dashboard
MYS2,2020-04,"Reported on April 4, 2020, a police officer caned several teenagers, who were caught for defying the Movement Control Order (MCO) in Kunak, Sabah. Since March 18, 2020, the Malaysian government has been enforcing MCO due to COVID-19 (coronavirus) outbreak.",Malaysia,Sabah,Tawau,Kunak,4.6857,118.249,Admin 3,https://acleddata.com/#/dashboard
IDN1,2020-04,"On April 4, 2020, a riot broke out in front of a hospital in Losari sub district, Ujung Pandang district, Makassar city, South Sulawesi province. Dozens of people demanded the hospital release their relative's body, who died presumably of COVID-19.",Indonesia,South Sulawesi,Makassar,Ujung Pandang,-5.1454,119.4093,Admin 3,https://acleddata.com/#/dashboard
CRI2,2020-04,"On 4 April 2020, in Puntarenas (Puntarenas), at the exit of the Ferry from the Nicoya Peninsule, protesters blocked the road to halt access from incoming vehicles from the ferry to Puntarenas. The protesters are concerned that these movements could spark coronavirus infections at Puntarenas. [size=no report]",Costa Rica,Puntarenas,Puntarenas,,9.9763,-84.8384,Admin 3,https://acleddata.com/#/dashboard
IND20,2020-04,"On April 4 2020, locals associated with the Bhim Army pelted stones at the police in Haridwar city (Uttarakhand) after the police had a dispute with members of the Uttarakhand Sanskrit Academy who violated the coronavirus lockdown to distribute masks and sanitizers. [size=no report]",India,Uttarakhand,Haridwar,Haridwar,29.9479,78.1602,Admin 3,https://acleddata.com/#/dashboard
NGA3,2020-04,"On 4 April 2020 (or around), members of the anti-coronavirus task force (assumed communal militia) in Nguzu Edda (Atikpo South LGA, Ebonyi) shot 3 people who disregarded restrictions on social gatherings. 1 person died and 2 were injured.",Nigeria,Ebonyi,Afikpo South,,5.7729,7.823,Admin 3,https://acleddata.com/#/dashboard
GRC1,2020-04,"On 4 April 2020, approximately 100 Christian Orthodox Romani rallied outside their closed church in the suburb of Agia Varvara in West Athens singing hymns and protesting against the government's restrictions due to the coronavirus. Police was called by nearby residents, arrested 1 individual and opened an investigation for identifying as many protesters as possible, who violated the ban on gatherings. [size=approximately 100]",Greece,Attica,Athens,West Athens,38.0163,23.6778,Admin 3,https://acleddata.com/#/dashboard
PRY1,2020-04,"On 4 April 2020, around Salto del Guaira (Canindeyu), residents of San Blas neighborhood demonstrated and set fire to tires when the news of 10 Paraguayans arriving from Brazil and being placed in a house to spend the quarantine required by the government",Paraguay,Canindeyu,Salto del Guaira,,-24.0625,-54.3069,Admin 2,https://acleddata.com/#/dashboard
IND21,2020-04,"On Apr 3 2020, local residents clashed with the police and Rapid Action Force (RAF) personnel in Shibpur town (Howrah district, West Bengal) over the burial of a coronavirus suspect in Howrah city.",India,West Bengal,Howrah,Howrah,22.5726,88.3112,Admin 3,https://acleddata.com/#/dashboard
IND24,2020-04,"As reported on April 3 2020, a police officer attacked and beat 2 women in Sahatwar area of Ballia district (UP) for allegedly violating the lockdown imposed to prevent coronavirus.",India,Uttar Pradesh,Ballia,Ballia,25.7566,84.1488,Admin 2,https://acleddata.com/#/dashboard
SLV1,2020-04,"On 3 April 2020, in San Salvador (San Salvador), union workers from the SITTOJ, the Union for Workers of the Judicial Branch, blocked the exit of the Institute of Forensic Medicine to prevent ambulances from leaving the institution.",El Salvador,San Salvador,San Salvador,,13.6894,-89.1872,Admin 3,https://acleddata.com/#/dashboard
IND25,2020-04,"As reported on 3 Apr 2020, villagers in Muhuldih, Gaitadih and other villagers of East Singhbhum district (Jharkhand) began patrolling the entry points of their villages, armed with lathis, bows and other weapons in attempt to prevent people from entering.",India,Jharkhand,East Singhbhum,Jamshedpur,22.8049,86.2025,Admin 2,https://acleddata.com/#/dashboard
NGA5,2020-04,"On 3 April 2020, Civilian-JTF stormed Damilu mosque in Yola (Yola North LGA, Adamawa), fired warning shots and dispersed worshippers who ignored the coronavirus restrictions. Several people were injured.",Nigeria,Adamawa,Yola North,,9.2,12.4833,Admin 3,https://acleddata.com/#/dashboard
IND26,2020-04,"On 3 Apr 2020, police assaulted a vegetable vendor in Beed city market (Beed, Maharashtra) for trying to sell produce during the coronavirus lockdown. As a result, vegetable vendors stopped supplying Beed city and the neighboring areas as a protest against police violence and started donating vegetables to people in need.",India,Maharashtra,Beed,Beed,18.9892,75.7563,Admin 3,https://acleddata.com/#/dashboard
IND27,2020-04,"On 3 April 2020, four cops were attacked by a group of people in Hubballi city (Dharwad, AP) as the police attempted to stop them from gathering for prayers amid the coronavirus lockdown in the country. [size=no report]",India,Karnataka,Dharwad,Hubballi,15.3477,75.1337,Admin 3,https://acleddata.com/#/dashboard
IND28,2020-04,"On 3 Apr 2020, locals gathered near a burial ground in Karelibaug area of Godhra city (Panchmahal, Gujarat) opposing the burial of a person who died of coronavirus, fearing further spread of the virus. [size=no report]",India,Gujarat,Panchmahal,Godhra,22.7754,73.6148,Admin 3,https://acleddata.com/#/dashboard
IND29,2020-04,"On 3 Apr 2020, a group of 10 people pelted stones at police in Untadi village (Porbandar, Gujarat), after police told them to go inside their houses during the coronavirus lockdown. A police officer was injured. [size=10]",India,Gujarat,Porbandar,Porbandar,21.585,70.1606,Admin 3,https://acleddata.com/#/dashboard
IND30,2020-04,"On 3 Apr 2020, police assaulted sugarcane farmers who tried to enter Bhigvan village in Beed district (Maharashtra) from Ahmednagar during the coronavirus lockdown and return to their villages.",India,Maharashtra,Beed,Beed,18.9892,75.7563,Admin 2,https://acleddata.com/#/dashboard
IND31,2020-04,"On Apr 3 2020, a group of police personnel allegedly assaulted a doctor at Purana Bazar in Dimapur town (Dimapur district, Manipur) when he was returning home from work amid the nationwide lockdown to contain the spread of coronavirus.",India,Nagaland,Dimapur,Dimapur,25.9173,93.7214,Admin 3,https://acleddata.com/#/dashboard
IND32,2020-04,"On April 3 2020, around 200 locals, who were violating the lockdown imposed to prevent coronavirus, clashed with the police in Kannauj town (UP). Policeman and local intelligence unit personnel injured. 16 arrested. [size=around 200]",India,Uttar Pradesh,Kannauj,Kannauj,27.0552,79.9188,Admin 3,https://acleddata.com/#/dashboard
CRI3,2020-04,"As reported on 3 April 2020, in Puntarenas (Puntarenas), members of the Ngobe indigenous group blocked the road which allows access to their territory, known as Bajo Los Indios, to avoid external infection by incoming travelers due to the coronavirus pandemic. [size=no report]",Costa Rica,Puntarenas,Puntarenas,,9.9763,-84.8384,Admin 3,https://acleddata.com/#/dashboard
KEN9,2020-04,"On 3 April 2020, a woman was allegedly shot and injured by police when they opened fire to disperse a crowd at a market in Mumias (Mumias West, Kakamega) during enforcement of the ongoing national coronavirus curfew.",Kenya,Kakamega,Mumias West,Mumias Central,0.3351,34.4864,Admin 3,https://acleddata.com/#/dashboard
TTO1,2020-04,"On 3 April 2020, in Sangre Grande, Brooklyn Settlement, close to 15 inhabitants demonstrated against the plan to house a number of coronavirus patients in a former elderly home in the neighborhood. Demonstrators burned tires and debris. [size=close to 15]",Trinidad and Tobago,Sangre Grande,,,10.5871,-61.1301,Admin 3,https://acleddata.com/#/dashboard
GHA1,2020-04,"On 3 April 2020, community members of Apantem (Akuapim South, Eastern) attempted t to lynch 4 men who arrived from Accra over fears they may carry the coronavirus. The District Chief Executive and his team intervened and saved the victims. [size=no report",Ghana,Eastern,Akuapim South,,5.8666,-0.2333,Admin 3,https://acleddata.com/#/dashboard
GIN1,2020-04,"On 3 April 2020, residents demonstrated in Dubreka town (Coyah, Kindia) after they found out that at least 7 shops were robbed during the first night of coronavirus related curfew. Some demonstrators accused the police patrols of perpetrating these robberies. The police forces intervened and fired tear gas to disperse the demonstrators who replied with stones. Several demonstrators were reportedly injured. [size=at least several]",Guinea,Kindia,Coyah,Coyah-Centre,9.7911,-13.5233,Admin 3,https://acleddata.com/#/dashboard
IRQ3,2020-04,"On Apr 3 2020, hundreds of demonstrators in Nassriya city used burning tires to block the main road in the city demanding financial compensation to mitigate the effects of the lockdown and curfew due to the lockdown in place to curb the spread of coronavirus. Clashes with security forces who tried to disperse the demonstrators left 1 demonstrator dead and 8 others injured as police forces reportedly used live fire to disperse the demonstration. Also one police officer was reportedly killed after having rocks thrown on him by demonstrators while another was injured by a gunshot fired by demonstrators. [size=hundreds]",Iraq,Thi-Qar,Nassriya,,31.058,46.2573,Admin 3,https://acleddata.com/#/dashboard
ISR2,2020-04,"On April 2 2020, a number of rioters on Yefet street in the Ajami neighbourhood of Jaffa, set alight a waste container and hurled rocks and bricks. The demonstrators were outraged by the restrictions being imposed by police while enforcing the public health order to fight against the spread of the coronavirus. When firefighters arrived, two of them were lightly injured by the rock-throwing. Israeli Police then detained an Arab Israeli from the area. [size=no report]",Israel,Tel Aviv,Tel Aviv,,32.0495,34.7579,Admin 3,https://acleddata.com/#/dashboard
NGA6,2020-04,"On 2 April 2020, scores of youth demonstrated in Ilutitun (Okitipupa LGA, Ondo) over a planned isolation centre for coronavirus patients in the community. [size=scores]",Nigeria,Ondo,Okitipupa,,6.5259,4.6375,Admin 3,https://acleddata.com/#/dashboard
IDN2,2020-04,"On April 2, 2020, a group of people held a demonstration in front of a cemetery in Romangpolong sub district, Somba Opu district, Gowa regency, South Sulawesi province, rejecting the burial of COVID-19 (Coronavirus) victim in their area. They blockaded the road with woods and burned a tire. The police intervened and arrested five rioters. [size=at least 5]",Indonesia,South Sulawesi,Gowa,Somba Opu,-5.2055,119.4899,Admin 3,https://acleddata.com/#/dashboard
IND33,2020-04,"On 2 April 2020, three people attacked health workers in Sasthamkotta village (Kollam, KL) as they attempted to collect information about a birthday party held during the lockdown [size=5]",India,Kerala,Kollam,Kunnattur,9.029,76.6289,Admin 3,https://acleddata.com/#/dashboard
UZB1,2020-04,"On 2 April 2020, dozens of quarantined Uzbek citizens protested at the sanatorium in Darkhan town of Kibray district in Tashkent region against their isolation after mandatory quarantine placement for 14 days upon arriving from Dubai in Tashkent city on 17 March 2020. Protesters demanded the sanatorium medics let them go because their tests came back negative for coronavirus. [size=dozens]",Uzbekistan,Tashkent,Kibray,,41.4325,69.5121,Admin 3,https://acleddata.com/#/dashboard
IND34,2020-04,"On April 2 2020, locals, who were violating the lockdown imposed to prevent coronavirus, clashed with the police and attacked them in Morna town near Muzaffarnagar (UP). The clash led to 2 policemen being injured. [size=no report]",India,Uttar Pradesh,Muzaffarnagar,Muzaffarnagar,29.4704,77.9428,Admin 3,https://acleddata.com/#/dashboard
IND35,2020-04,"On April 2 2020, locals, who were violating the lockdown imposed to prevent coronavirus, pelted stones at the police in Aligarh city (UP). 3 arrested. [size=at least 3]",India,Uttar Pradesh,Aligarh,Aligarh,27.8814,78.0746,Admin 3,https://acleddata.com/#/dashboard
UGA2,2020-04,"On 2 April 2020, traders blocked the main road at Wandegeya (Kampala), burning wood to prevent traffic passing. The demonstration appears to be in opposition to coronavirus enforcement measures. Police extinguished the fires, but the source does not mention whether they dispersed the demonstrators. [size=no report]",Uganda,Kampala,Kampala Capital City,Central,0.3311,32.5741,Admin 3,https://acleddata.com/#/dashboard
IND36,2020-04,"On Apr 2 2020, lockdown violators in various parts of West Bengal attacked and injured at least nine police personnel while enforcing the ongoing lockdown to combat the coronavirus pandemic. [size=no report]",India,West Bengal,Kolkata,Kolkata,22.5728,88.3747,Admin 1,https://acleddata.com/#/dashboard
KEN10,2020-04,"On 2 April 2020, miraa traders barricaded the Isiolo-Moyale highway in Isiolo town (Isiolo North, Isiolo) with burning tyres and boulders in demonstration over the demolition of their kiosks. A ban has been placed on the sale and transportation of miraa during the national coronavirus curfew. Police used teargas to disperse the crowd. [size=no report]",Kenya,Isiolo,Isiolo North,Bulla Pesa,0.3546,37.5822,Admin 3,https://acleddata.com/#/dashboard
LKA2,2020-04,"On 2 April 2020, local residents protested at Mulleriyawa town (Kolonnawa, Colombo district) over the funeral of a coronavirus infected person which was held at the local crematorium.",Sri Lanka,Western,Colombo,Kolonnawa,6.933,79.9297,Admin 3,https://acleddata.com/#/dashboard
TCD1,2020-04,"On 2 April 2020, a Nomadic guard opened fire against civilians aboard a motorbike at a checkpoint in Gounou Gaya (Mayo-Boneye, Mayo-Kebbi Est) for not complying with security measures imposed amid the coronavirus pandemic. One civilian was killed and two others severely wounded.",Chad,Mayo-Kebbi Est,Mayo-Boneye,Kim,9.6294,15.5132,Admin 3,https://acleddata.com/#/dashboard
UGA3,2020-04,"On 2 April 2020, a journalist was ""severely beaten"" by unspecified security forces (presumed to be police) in Mukono (Mukono district), whilst covering coronavirus curfew measures.",Uganda,Mukono,Mukono Municipality,Central Division,0.3533,32.7553,Admin 3,https://acleddata.com/#/dashboard
BDI2,2020-04,"On 2 April 2020, Imbonerakure killed two civilians, including a student, in Minyago (Bwambarangwe, Kirundo) for violating the coronavirus quarantine. The civilians, a father and son, had just returned from Tanzania.",Burundi,Kirundo,Bwambarangwe,Minyago,,30.344,Admin 3,https://acleddata.com/#/dashboard
MEX8,2020-04,"On 2 April 2020, in Caltzontzin, Michoacan, a group of informal workers blocked the roads after having been evicted by the police who closed a market following the measures to prevent the spread of coronavirus. Police officers shot in the air to disperse",Mexico,Michoacan,Uruapan,,19.4234,-102.007,Admin 3,https://acleddata.com/#/dashboard
PHL5,2020-04,"On 2 April 2020, an ambulance driver was wounded after being shot by an unidentified assailant in Candelaria, Quezon. The assailant harassed the ambulance driver for parking the ambulance in a residential district and said that the ambulance could be infected with the COVID-19 (coronavirus). The hospital called for justice and decried the attack as an example of discrimination health workers are increasingly facing in the midst of the coronavirus pandemic.",Philippines,Calabarzon,Quezon,Candelaria,13.9311,121.4233,Admin 3,https://acleddata.com/#/dashboard
IND37,2020-04,"On 1 Apr 2020, a group of people held a protest on the banks of Bhogavo River in Surendranagar city (Surendranagar, Gujarat), against the cremation of a dead woman, fearing she had died of coronavirus. [size=no report]",India,Gujarat,Surendranagar,Wadhwan,22.727,71.6485,Admin 3,https://acleddata.com/#/dashboard
IND38,2020-04,"On Apr 1 2020, a group of 1,000 villagers gheraoed the police and civic officials and staged a protest at the Dhapa crematorium in Kolkata city (Kolkata district, West Bengal) against the cremation of a coronavirus victim in the crematorium fearing contamination.",India,West Bengal,Kolkata,Kolkata,22.5728,88.3747,Admin 3,https://acleddata.com/#/dashboard
NGA7,2020-04,"On 1 April 2020, a journalist (and Delta State NUJ chairperson) was beaten by members of the State Task Force while monitoring the coronavirus lockdown in Asaba (Oshimili South LGA, Delta).",Nigeria,Delta,Oshimili South,,6.2006,6.7339,Admin 3,https://acleddata.com/#/dashboard
ISR3,2020-04,"On April 1 2020, police forces physically assaulted two Arab Israelis in Jaffa after they broke the emergency laws the government imposed on citizens to curb the spread of the coronavirus epidemic. No injuries were reported.",Israel,Tel Aviv,Tel Aviv,,32.0495,34.7579,Admin 3,https://acleddata.com/#/dashboard
KEN11,2020-04,"On 1 April 2020, police officers allegedly broke the limbs of civilians in Mauche (Njoro, Nakuru) when enforcing the national coronavirus curfew.",Kenya,Nakuru,Njoro,Mauche,-0.5083,35.9752,Admin 3,https://acleddata.com/#/dashboard
TUN1,2020-04,"On 1 April 2020, demonstrators clashed with police forces in Bizerte, as they demanded to prevent the burial of an old woman who died from coronavirus in a local cemetery. [size=no report]",Tunisia,Bizerte,Bizerte Nord,,37.2744,9.8739,Admin 3,https://acleddata.com/#/dashboard
IND39,2020-04,"On 1 April 2020, ASHA health workers were attacked by a group of around 100 locals in Bengaluru city (Bengaluru, KN) as they were collecting data about people affected from coronavirus and their travel history. [size=around 100]",India,Karnataka,Bengaluru Urban,Bengaluru,12.9719,77.5936,Admin 3,https://acleddata.com/#/dashboard
IND40,2020-04,"On Apr 1 2020, a group of people pelted stones at quick response teams of police personnel at Bhangore area (South 24 Parganas district, West Bengal) when the latter stopped them from gathering while enforcing the protocols to combat the coronavirus pandemic. Police arrested five of them. [size=at least 5]",India,West Bengal,South 24 Parganas,Bhangar,22.5124,88.6122,Admin 2,https://acleddata.com/#/dashboard
IND41,2020-04,"On Apr 1 2020, a group of people attacked a police team causing injuries to four personnel in the Goaltore area (West Midnapore district, West Bengal) when the latter asked them not to gather at a tea stall while enforcing the protocols to combat the coronavirus pandemic. [size=no report]",India,West Bengal,Paschim Medinipur,Garbeta,22.7094,87.1696,Admin 2,https://acleddata.com/#/dashboard
NGA8,2020-04,"On 1 April 2020, hundreds of youth demonstrated in Oke Odo (Epe LGA, Lagos) over the economic hardships due to the coronavirus restriction and the lack of state support. [size=hundreds]",Nigeria,Lagos,Epe,,6.6413,3.7554,Admin 3,https://acleddata.com/#/dashboard
KEN12,2020-04,"On 1 April 2020, a man succumbed from his injuries after being allegedly beaten up by police in Ukunda (Msambweni, Kwale) during enforcement of the national coronavirus curfew. Police had also used teargas to disperse at least 12 people, including the deceased, at a bar.",Kenya,Kwale,Msambweni,Gombato Bongwe,-4.2875,39.5661,Admin 3,https://acleddata.com/#/dashboard
ZAF5,2020-04,"On 1 April 2020, a scuffle broke out between community members and police in Isipingo (eThekwini, KwaZulu-Natal) during the enforcement of the national coronavirus lockdown. An Ethiopian national was killed and a local injured. [size=no report]",South Africa,KwaZulu-Natal,eThekwini,Ethekwini,-29.9864,30.9185,Admin 3,https://acleddata.com/#/dashboard
IND42,2020-04,"On 1 Apr 2020, Muslims assaulted police with brickbats and sticks at Ghuriyan village in Ghosi block (Jehanabad, Bihar), while police searched mosques across Bihar to disperse religious gatherings due to the coronavirus lockdown. [size=no report]",India,Bihar,Jehanabad,Ghosi,25.1659,84.9334,Admin 2,https://acleddata.com/#/dashboard
IND43,2020-04,"On 1 Apr 2020, police used mild force to disperse a Muslim group at Jehanabad mosque in Jehanabad city (Jehanabad, Bihar), while they raided mosques across Bihar to disperse religious gatherings due to the coronavirus lockdown",India,Bihar,Jehanabad,Jehanabad,25.2139,84.9895,Admin 3,https://acleddata.com/#/dashboard
IND44,2020-04,"On 1 Apr 2020, Muslims opened fire at police at Andhra Tharai village in Madhubani district (Bihar), while police raided mosques across Bihar to disperse religious gatherings due to the coronavirus lockdown. No injuries and fatalities reported.",India,Bihar,Madhubani,Madhubani,26.3536,86.0716,Admin 2,https://acleddata.com/#/dashboard
IND45,2020-04,"On Apr 1 2020, police clashed with locals in the north 24 Parganas district (West Bengal) after residents prevented health workers from collecting coronavirus data. Seven persons were injured when police tried to enforce the lockdown to contain the spread of coronavirus.",India,West Bengal,North 24 Parganas,Barasat,22.7231,88.4806,Admin 2,https://acleddata.com/#/dashboard
NGA9,2020-04,"On 1 April 2020 (or around), a delivery driver for the Vanguard newspaper was beaten up by police officers at the Abia/Akwa Ibom border on the Umuahia-Ikot Ekpene Highway, for allegedly violating the coronavirus restrictions.",Nigeria,Abia,Umuahia North,,5.5263,7.4896,Admin 1,https://acleddata.com/#/dashboard
ISR4,2020-04,"On April 1 2020, clashes erupted between Arab citizens and Israeli Police in the Ajami neighbourhood of Jaffa in Tel Aviv as rioters attempted to blocked the areas main road with burning tyres, in demonstration against the violent police actions during the imposition of the coronavirus restrictions, referring to an incident which occurred earlier in the day where Police forces assaulted two citizens after they broke the curfew rule. Police forces used physical violence to break apart rioters, which led to a number of injuries and the detention of 4. Rioters hurled objects and burned tyres, which led to an injury amongst the Police. [size=no report]",Israel,Tel Aviv,Tel Aviv,,32.0495,34.7579,Admin 3,https://acleddata.com/#/dashboard
PHL6,2020-04,"On 1 April 2020, residents of President Roxas, Cotabato staged a demonstration in front of a government-run hospital in the same town, barricading the hospital's entrance to oppose the local government's plan to transform it into a COVID-19 (coronavirus)",Philippines,Soccsksargen,Cotabato,President Roxas,7.1544,125.0558,Admin 3,https://acleddata.com/#/dashboard
IND46,2020-03,"On 31 Mar 2020, police used lathis and force to disperse an Islamic religious procession at Sarwar town (Ajmer, Rajasthan), enforcing measures of social distancing during the coronavirus lockdown.",India,Rajasthan,Ajmer,Sarwar,26.0627,75.011,Admin 3,https://acleddata.com/#/dashboard
LBN1,2020-03,"On March 31 2020, protesters blocked the Mahmra highway briefly in a demonstration against difficult living conditions amidst the lockdown and tightened security measures in an effort to stop the spread of the coronavirus, and especially for people below the poverty line. [size=no report]",Lebanon,Akkar,Akkar,,34.5044,35.9708,Admin 3,https://acleddata.com/#/dashboard
CHL2,2020-03,"On 31 March 2020, in Linares, Maule region, members of the military forces of Chile opened fire when a civilian attempted to avoid a military checkpoint set to control a national lockdown for coronavirus pandemic. No person was injured in the event.",Chile,Maule,Linares,Linares,-35.8467,-71.5931,Admin 3,https://acleddata.com/#/dashboard
IDN3,2020-03,"On March 31, 2020, hundreds of people blockaded a road to a cemetery in the Antang sub district, Manggala district, Makassar city, South Sulawesi province, with chairs. They rejected the burial of a former member of the city council, who died of COVID-19 (Coronavirus). The head of the sub district shouted at the ambulance, saying the bodies of COVID-19 (Coronavirus) could transmit the virus to the locals. [size=hundreds]",Indonesia,South Sulawesi,Makassar,Manggala,-5.1592,119.4806,Admin 3,https://acleddata.com/#/dashboard
IDN4,2020-03,"On March 31, 2020, a group of people held a peaceful protest in Karangtengah village, Cilongok district, Banyumas city, Central Java province, opposing the burial of a COVID-19 (Coronavirus) victim at the neighbouring village. The next day, the regent of Banyumas dug the grave to show people that the body of COVID-19 (Coronavirus) victim is not transmitting the virus. [size=no report]",Indonesia,Central Java,Banyumas,Cilongok,-7.3278,109.1313,Admin 3,https://acleddata.com/#/dashboard
IDN5,2020-03,"On March 31, 2020, a group of Papuans held a protest at a sports complex in Wangirja sub district, Mimika Baru district, Mimika Regency, Papua province, opposing the usage of the sports complex as an isolation place for suspected COVID-19 (Coronavirus) patients. They threatened to burn the complex. The police intervened and dispersed the protest. The leader of the protest was arrested. [size=no report]",Indonesia,Papua,Mimika,Mimika Baru,-4.5172,136.8002,Admin 3,https://acleddata.com/#/dashboard
TUN2,2020-03,"On 31 March 2020, Tunisian police forces employed tear gas to disband a protest held by health workers infront the regional hospital in Kasserine, to demand medial equipment and protective measures against contagion with coronavirus. [size=no report]",Tunisia,Kasserine,Ezzouhour,,35.1676,8.8365,Admin 3,https://acleddata.com/#/dashboard
IDN6,2020-03,"On March 31, 2020, a group of people peacefully intercepted a burial process of a COVID-19 (Coronavirus) victim in Baru City sub district, East Tanjung Karang district, Bandar Lampung City, Lampung province. The medical team took the body to another cemetery nearby, where they faced the same issue. In the end, the body was buried in a province-owned cemetery. [size=no report]",Indonesia,Lampung,Bandar Lampung,East Tanjung Karang,-5.4163,105.2684,Admin 3,https://acleddata.com/#/dashboard
COL2,2020-03,"On March 31, 2020, in the Riohacha-Maicao way, La Guajira department, 20 communities of the Wayuu indigenous people blocked a road to demand water and food. Protesters demanded basic goods due to the preventive mandatory isolation to prevent the spread of the coronavirus. [size=no report]",Colombia,La Guajira,Riohacha,,11.5288,-72.9115,Admin 2,https://acleddata.com/#/dashboard
IND47,2020-03,"On March 31 2020, a young woman was attacked and shot dead by an army personnel in Mainpuri (UP) for preparing a list of all arrivals in the city to prevent the spread of coronavirus, as the list included his name.",India,Uttar Pradesh,Mainpuri,Mainpuri,27.2285,79.0288,Admin 3,https://acleddata.com/#/dashboard
UGA4,2020-03,"On 31 March 2020, police fired upon a boda boda driver in Kampala, after the driver failed to stop at a checkpoint, as part of coronavirus enforcement measures. The driver was wounded in the buttocks. Police have claimed the driver grabbed a police officer, prompting them to shoot him.",Uganda,Kampala,Kampala Capital City,Central,0.3156,32.5656,Admin 3,https://acleddata.com/#/dashboard
KGZ1,2020-03,"On 31 March 2020, a group of residents of the Pole Chudes neighbourhood in Novopavlovka village of Sokuluk district in Chui region blocked the local road in protest after increased traffic through their neighbourhood due to coronavirus quarantine. Protesters complained dishonest car drivers use the road to evade quarantine police roadblocks on a nearby main highway in order to enter Bishkek city without official passes which are mandatorily issued by the authorities. [size=no report]",Kyrgyzstan,Chui,Sokuluk,,42.8756,74.4852,Admin 3,https://acleddata.com/#/dashboard
KGZ2,2020-03,"On 1 April 2020, a group of Mayak village residents protested against the local authorities' plan to open a quarantine facility for possibly infected with coronavirus patients near their village in Tup district of Issyk-Kul region. The local authorities were forced to abandon the plan after demonstrations. [size=no report]",Kyrgyzstan,Issyk-Kul,Tup,,42.7292,78.3636,Admin 2,https://acleddata.com/#/dashboard
COD3,2020-03,"As reported on 31 March 2020, a civilian was severely beaten up by a police officer in Kinshasa (Kinshasa), for what was considered a violation of the coronavirus lockdown imposed by the Congolese government.",DRC,Kinshasa,Kinshasa,Kinshasa Urban,-4.325,15.3222,Admin 3,https://acleddata.com/#/dashboard
UGA5,2020-03,"On 31 March 2020, LDU paramilitaries beat a journalist and the driver of the boda boda he was travelling with in Makindye (Kampala), and insisted they be paid a bribe to release them. The attack was ostensibly related to coronavirus enforcement measures.",Uganda,Kampala,Kampala Capital City,Makindye,0.2833,32.5833,Admin 3,https://acleddata.com/#/dashboard
BFA1,2020-03,"On 31 March 2020, gendarmes entered the Kossodo University area in Ouagadaougou (Kadiogo, Centre), and assaulted students for not complying with the nightly curfew imposed amid the coronavirus pandemic. A large number of students at the campus reacted to what they perceived as abusive and heavy-handed behavior by the gendarmes and barricaded the campus area and clashed with the gendarmes who fled but soon returned with reinforcements and fired teargas to disperse the students. [size=large]",Burkina Faso,Centre,Kadiogo,Ouagadougou,12.3703,-1.5247,Admin 3,https://acleddata.com/#/dashboard
UGA6,2020-03,"On or after 31 March 2020, security services (presumed to be police) beat an on-duty doctor in northern Kampala for violating the coronavirus lockdown measures introduced on 31 March.",Uganda,Kampala,Kampala Capital City,Central,0.3156,32.5656,Admin 3,https://acleddata.com/#/dashboard
PER2,2020-03,"On 31 March 2020, in Olmos, Lambayeque, 30 citizens blocked the highway leading to El Boliche sector, to avoid the entrance of outsiders during the coronavirus pandemic. Police forces tried to removed the group and there was a clash. The citizens threw stones and sticks, that left 10 officers injured, at least one woman was injured and 6 citizens were arrested. [size=30]",Peru,Lambayeque,Lambayeque,Olmos,-5.9847,-79.7453,Admin 3,https://acleddata.com/#/dashboard
ZWE1,2020-03,"On 31 March 2020, 11 people were assaulted by ZRP officers after gathering at bars in Masvingo (Masvingo Metro, Masvingo) during the national coronavirus lockdown.",Zimbabwe,Masvingo,Masvingo Metro,Masvingo Municipality,-20.0833,30.8333,Admin 3,https://acleddata.com/#/dashboard
IND48,2020-03,"On 31 Mar 2020, police officers beat up the president of an NGO near Gondal Chowkadi in Rajkot city (Rajkot, Gujarat), when the latter was transporting a man's body, who died of old age, to Gondal in an ambulance and was stopped by police during the coronavirus lockdown.",India,Gujarat,Rajkot,Rajkot,22.2916,70.7932,Admin 3,https://acleddata.com/#/dashboard
NGA10,2020-03,"On 31 March 2020, a group of about 300 members of the Muslim community in Agege (Agege LGA, Lagos) pelted stones at a team of the Lagos State Environmental Protection Agency that attempted to enforce the coronavirus lockdown directive in their mosque.",Nigeria,Lagos,Agege,,6.6143,3.3244,Admin 3,https://acleddata.com/#/dashboard
IND49,2020-03,"On 31 Mar 2020, a Muslim group pelted stones at police in Gidarganj village under Jhanjharpur sub-division (Madhubani, Bihar), while police raided mosques across Bihar to disperse religious gatherings due to the coronavirus lockdown. Some police officers were injured and two police vehicles were damaged. [size=no report]",India,Bihar,Madhubani,Jhanjharpur,26.2681,86.2893,Admin 2,https://acleddata.com/#/dashboard
PSE1,2020-03,"On March 30 2020, an armed clash that lasted several hours erupted between Palestinians of the Qalandia refugee camp and residents of Kafr Aqab. Palestinians from Qalandia prevented residents from leaving Kafr Aqab by blocking its entrance, to prevent the spread of the coronavirus as 2 residents had been infected. A resident of Kafr Aqab was seriously injured in the exchange of gunfire and the Palestinian Authority sent a special anti-riot force to break up the confrontations.",Palestine,West Bank,Al Quds,,31.8796,35.2205,Admin 3,https://acleddata.com/#/dashboard
MEX10,2020-03,"On 30 March 2020, in Acapulco de Juarez, Guerrero, about 30 street vendors blocked Miguel Aleman Avenue to demand economic support in view of the drop in income caused by the coronavirus security measures. [size=about 30]",Mexico,Guerrero,Acapulco de Juarez,,16.8619,-99.8866,Admin 3,https://acleddata.com/#/dashboard
TUN3,2020-03,"On 30 March 2020, hundreds of demonstrators barricaded routes and burned tires in El Mnihla (Ariana) to demonstrate against delays in promised state welfare assistance for poor families during the coronavirus lockdown. [size=hundreds]",Tunisia,Ariana,Mnihla,,36.8662,10.1122,Admin 3,https://acleddata.com/#/dashboard
IDN7,2020-03,"On March 30, 2020, a group of people held a peaceful protest in Depok city, West Java province, opposing the burial of a COVID-19 (Coronavirus) victim in their area. [size=no report]",Indonesia,West Java,Depok,Depok,-6.3975,106.8119,Admin 1,https://acleddata.com/#/dashboard
IND50,2020-03,"On 30 Mar 2020, a man was lynched to death by locals in an area under Runni Saidpur police station (Sitamarhi, Bihar), after an argument over sharing information about people who came back from Maharashtra on the government's helpline for coronavirus. Seven people were arrested. [size=no report]",India,Bihar,Sitamarhi,Runni Saidpur,26.3879,85.5024,Admin 2,https://acleddata.com/#/dashboard
IND51,2020-03,"As reported on Mar 30 2020, police assaulted persons violating the lockdown to contain the spread of coronavirus at different parts of Arunachal Pradesh, as revealed by video footage.",India,Arunachal Pradesh,Papum Pare,Itanagar,27.0869,93.6098,Admin 1,https://acleddata.com/#/dashboard
IND52,2020-03,"As reported on Mar 30 2020, police assaulted four migrant workers in Kimin town (Papum Pare district, Arunachal Pradesh) for violating the lockdown order of the government in response to the coronavirus epidemic, as revealed by a video footage.",India,Arunachal Pradesh,Papum Pare,Kimin,27.3234,93.9729,Admin 3,https://acleddata.com/#/dashboard
HND4,2020-03,"On 30 March 2020, in Tegucigalpa, several groups of people demonstrated to demand food and water in different neighbourhoods of the city. The demonstrators burned tires to block the streets. The rioters have not received the food promised by the government to keep the curfew ordered to prevent coronavirus transmission.",Honduras,Francisco Morazan,Distrito Central,,14.0818,-87.2068,Admin 3,https://acleddata.com/#/dashboard
LSO1,2020-03,"On 30 March 2020, police and soldiers beat people who did not heed to the 21 day coronavirus lockdown, and forced them to roll on the ground in Maseru (Maseru). No fatalities were reported.",Lesotho,Maseru,,,-29.3167,27.4833,Admin 3,https://acleddata.com/#/dashboard
IND53,2020-03,"On 30 March 2020, eight people attacked and injured a policeman in Hyderabad city (Hyderabad, TS) as the policeman tried to disperse the group who had gathered despite the ongoing lockdown to prevent the spread of the coronavirus. [size=8]",India,Telangana,Hyderabad,Hyderabad,17.384,78.4563,Admin 3,https://acleddata.com/#/dashboard
COD4,2020-03,"On 30 March 2020, dozens of members of the religious movement Bundu dia Kongo (BDK) clashed with police forces in Kinshasa (Kinshasa), during an unauthorized march due to coronavirus. It was reported followers were marching to perform mystical rites. Tension started to mount and followers threw stones to police officials, who used teargas and shot in the air to disperse participants. Between 4 and 5 followers were killed and several injured. BDK followers denied violence on their part, and police officials discounted the death toll. [size=dozens]",DRC,Kinshasa,Kinshasa,Kinshasa Urban,-4.325,15.3222,Admin 3,https://acleddata.com/#/dashboard
MEX11,2020-03,"As reported on 30 March 2020, in Tankuche, Campeche, to protect themselves against the coronavirus, the inhabitants closed the accesses to the community to prevent the passage of any person alien to the population. The road to Halacho was blocked with a tree that was knocked down. [size=no report]",Mexico,Campeche,Calkini,,20.507,-90.2422,Admin 3,https://acleddata.com/#/dashboard
TUN4,2020-03,"On 30 March 2020, demonstrators barricaded routes and burned tires in Ettadhamen (Mnihla, Ariana) to demonstrate against delay in promised state welfare assisatance for poor families and demand work permits for daily labourers whose sources of income were disrupted during the general coronavirus lockdown. [size=no report]",Tunisia,Ariana,Mnihla,,36.8358,10.1068,Admin 3,https://acleddata.com/#/dashboard
MEX12,2020-03,"On 30 March 2020, in Merida, Yucatan, for fear of coronavirus infection in their area, demonstrators closed the access to Susula that borders an ISSSTE Hospital Clinic. [size=no report]",Mexico,Yucatan,Merida,,20.9672,-89.6244,Admin 3,https://acleddata.com/#/dashboard
ZWE2,2020-03,"On 30 March 2020, three people were assaulted with batons and kicked by ZRP officers in Harare (Harare) during the national coronavirus lockdown.",Zimbabwe,Harare,Harare,Harare City Council,-17.8333,31.05,Admin 3,https://acleddata.com/#/dashboard
KEN13,2020-03,"On 30 March 2020, a young boy was fatally wounded in Huruma, Nairobi (Starehe, Nairobi) when police used live ammunition during the enforcement of the national coronavirus curfew.",Kenya,Nairobi,Starehe,Nairobi Central,-1.283,36.817,Admin 3,https://acleddata.com/#/dashboard
IND54,2020-03,"On 30 Mar 2020, a police officer beat up a municipal clerk on the way to his office in Pune city (Pune, Maharashtra) for an unknown reason during the coronavirus lockdown. The clerk said police did not ask about his reason for going out.",India,Maharashtra,Pune,Pune,18.5195,73.8553,Admin 3,https://acleddata.com/#/dashboard
MDG1,2020-03,"On 30 March 2020, a group of rickshaw pullers and youth demonstrated in Toamasina (Toamasina II, Atsinanana) against the lack of food provisions by the government during coronavirus lockdowns. The demonstrators clashed with police who intervened using tear gas. One journalist was stabbed and injured. [size=no report]",Madagascar,Atsinanana,Toamasina II,,-18.1667,49.3833,Admin 3,https://acleddata.com/#/dashboard
ZAF6,2020-03,"On or around 29 March 2020, police allegedly beat and tasered a man who left his house during the national coronavirus lockdown to buy beer in Ravensmead (City of Cape Town, Western Cape). The man later died from his injuries.",South Africa,Western Cape,City of Cape Town,City of Cape Town,-33.9214,18.6091,Admin 3,https://acleddata.com/#/dashboard
ZAF7,2020-03,"On 29 March 2020, a metro officer and a security officer fatally shot a man in Vosloorus (Ekurhuleni, Gauteng) during the national coronavirus lockdown. It is reported that the victim was followed home where he was fatally shot following an earlier clash between rioters and police. The two officers were arrested. The accused also face four attempted murder charges after three children and an adult were injured during the shooting.",South Africa,Gauteng,Ekurhuleni,Ekurhuleni,-26.3575,28.2076,Admin 3,https://acleddata.com/#/dashboard
IRQ4,2020-03,"On Mar 29 2020, a health worker was attacked and injured by a policeman in Koya district, after the health worker days earlier had transferred the policeman to the hospital to get tested for coronavirus for having a fever. The policeman was later arrested.",Iraq,Erbil,Koisnjaq,,36.0831,44.6333,Admin 2,https://acleddata.com/#/dashboard
SYR1,2020-03,"On 29 March 2020, members of Asayish anti-terror forces assaulted civilians in the town of Basira in the countryside of Deir-ez-Zor for violating the curfew imposed on the town to limit the spread of Coronavirus.",Syria,Deir-ez-Zor,Deir-ez-Zor,Basira,35.158,40.4277,Admin 3,https://acleddata.com/#/dashboard
IDN8,2020-03,"On March 29, 2020, a group of people held a peaceful protest at Cisapi crematorium in Gununggede sub district, Kawalu district, Tasikmalaya city, West Java province, opposing the cremation of a COVID-19 (Coronavirus) victim in their village. The body had to be taken back to the hospital. [size=no report]",Indonesia,West Java,Tasikmalaya,Kawalu,-7.4024,108.2101,Admin 3,https://acleddata.com/#/dashboard
CHL3,2020-03,"On 29 March 2020, in Arica, Arica y Parinacota region, members of the military forces of Chile opened fire against a private car when the driver attempted to avoid a military checkpoint set to control a national lockdown for coronavirus pandemic. The victim is severely injured in the ICU of the local hospital.",Chile,Arica y Parinacota,Arica,Arica,-18.4746,-70.2979,Admin 3,https://acleddata.com/#/dashboard
IND55,2020-03,"On March 29 2020, locals who were violating the lockdown imposed to prevent coronavirus, clashed with the police and pelted stones at them in Bhadrauli town near Agra (UP). [size=no report]",India,Uttar Pradesh,Agra,Agra,26.8982,78.4738,Admin 3,https://acleddata.com/#/dashboard
AGO1,2020-03,"On 29 March 2020, two soldiers assaulted a street vendor with her baby in Cabinda, under the pretext of compliance with the guidelines under the state of emergency decreed by the Angolan state to contain the coronavirus pandemic.",Angola,Cabinda,Cabinda,Cabinda,-5.5758,12.1871,Admin 3,https://acleddata.com/#/dashboard
ETH3,2020-03,"On 29 March 2020, police officers shot and killed a young man inside a bar in the Tigray region following a proclamation banning public gatherings due to coronavirus. Some reports claim that the young man was drunk and attacked police officers (no weapon)",Ethiopia,Tigray,Southern Tigray,Enderta,13.5,39.4667,Admin 1,https://acleddata.com/#/dashboard
YEM3,2020-03,"On 29 March 2020, pro-STC forces, coded as Security Belt forces by default due to the lack of more precise information, reportedly stormed the port of Aden (Al Mansurah, Aden) aboard six military vehicles and looted nine ambulances provided by the WHO amid fears of a coronavirus outbreak in the country. WHO provided a shipment containing 81 ambulances - 12 of which were destined for Aden, 15 mobile medical clinics, and 65 artificial respirators. According to at least one source, the totality of the shipment is being detained by pro-STC gunmen.",Yemen,Aden,Al Mansura,,12.8052,44.9953,Admin 3,https://acleddata.com/#/dashboard
HND5,2020-03,"On 29 March 2020, in San Pedro Sula, Cortes, demonstrators blocked two different streets using burning tires and tree branches to demand food. The demonstrators have not received the food promised by the government to keep the curfew ordered to prevent coronavirus transmission [size=no report]",Honduras,Cortes,San Pedro Sula,,15.5042,-88.025,Admin 3,https://acleddata.com/#/dashboard
UGA7,2020-03,"As reported on 29 March 2020, Ugandan military intelligence personnel reportedly abducted and tortured at least two Rwandans who had been living in the area of Jinja (Jinja district), ostensibly as part of coronavirus enforcement measures. The source also states that the victims, along with 342 other Rwandans, were then left at the Rwandan border by Ugandan authorities.",Uganda,Jinja,Jinja Municipality,Central Division,0.4389,33.2031,Admin 2,https://acleddata.com/#/dashboard
BOL1,2020-03,"On 29 March 2020, in Oruro city, a group of neighbors of the Pumas Andinos human settlement clashed against Police and Military forces. The group was reluctant to follow the quarantine established due to the coronavirus pandemic, and started throwing stones at the officers when they tried to enforce the measure. 73 neighbors, 4 of them underaged, were detained by the officers and were released after 8 hours. [size=at least 73]",Bolivia,Oruro,Cercado,Oruro,-17.9698,-67.1148,Admin 3,https://acleddata.com/#/dashboard
TUR2,2020-03,"On March 29, 2020, the municipal police (zabita) forces of the Uskudar municipality assaulted 3 civilians in Uskudar, Istanbul, allegedly for violating the fishing ban, which is a part of broader security measures taken by the government banning all the recreational activities on the coasts, including fishing, jogging, doing picnics etc. to curb the spread of the coronavirus. The victims who were subject to beating were mildly injured in various parts of their bodies.",Turkey,Istanbul,Uskudar,,41.0272,29.0163,Admin 3,https://acleddata.com/#/dashboard
PHL9,2020-03,"On 29 March 2020, a police officer was wounded after being shot by armed assailants in Barangay Damawato, Datu Paglas, Maguindanao. The police officer had flagged the group for violating a curfew in place because of the COVID-19 (coronavirus) pandemic.",Philippines,Bangsamoro Autonomous Region in Muslim Mindanao,Maguindanao,Datu Paglas,6.7714,124.8995,Admin 3,https://acleddata.com/#/dashboard
IND56,2020-03,"On Mar 29 2020, workers of two factions of Trinamool clashed and hurled bombs at each other at Ramnagar in Garden Reach in Kolkata city (Kolkata district, West Bengal) over distribution of food to locals stuck at homes due to the lockdown amid coronavirus pandemic. Police arrested seven people in this connection and some people were reportedly injured in the incident. [size=at least 7]",India,West Bengal,Kolkata,Kolkata,22.5728,88.3747,Admin 3,https://acleddata.com/#/dashboard
SSD,2020-04,"Anti-foreigner hate speech emerged on various social media platforms following the first Covid-19 infections detected in the country, among which was a Dutch United Nations staffer.",South Sudan,,,,4.51,31.36,Country,https://bit.ly/3bidNvd
